{
    "PREP": 6.939734220504761,
    "EPOCHS": [
        5.715118885040283,
        4.700300693511963,
        4.674948453903198,
        4.680722236633301,
        4.688155889511108
    ],
    "EVAL": 10.7759268283844
}