{
    "PREP": 7.015912771224976,
    "EPOCHS": [
        4.221556186676025,
        3.19651198387146,
        3.213484525680542,
        3.2151777744293213,
        3.199493408203125
    ],
    "EVAL": 4.693613529205322
}