{
    "PREP": 7.153470277786255,
    "EPOCHS": [
        6.639798879623413,
        4.122616529464722,
        4.107706069946289,
        4.163034439086914,
        4.145040035247803
    ],
    "EVAL": 9.270421743392944
}