{
    "PREP": 7.034511089324951,
    "EPOCHS": [
        9.144422054290771,
        8.188912153244019,
        8.165085554122925,
        8.130261182785034,
        8.147238969802856
    ],
    "EVAL": 9.921599388122559
}