{
    "PREP": 7.061318397521973,
    "EPOCHS": [
        6.786030530929565,
        5.850427865982056,
        5.908873558044434,
        5.828974485397339,
        5.911253213882446
    ],
    "EVAL": 9.698479175567627
}