{
    "PREP": 7.143803834915161,
    "EPOCHS": [
        5.170648097991943,
        4.116021156311035,
        4.1778106689453125,
        4.084543466567993,
        4.083755254745483
    ],
    "EVAL": 5.477599620819092
}