{
    "PREP": 6.967559099197388,
    "EPOCHS": [
        4.659254312515259,
        3.632711172103882,
        3.638962984085083,
        3.6697068214416504,
        3.6228084564208984
    ],
    "EVAL": 5.257814407348633
}