{
    "PREP": 7.087314128875732,
    "EPOCHS": [
        9.050492286682129,
        7.924591064453125,
        7.961663722991943,
        7.940553426742554,
        7.958193063735962
    ],
    "EVAL": 11.452627182006836
}