{
    "PREP": 6.998056888580322,
    "EPOCHS": [
        6.728142499923706,
        5.74769401550293,
        5.696344614028931,
        5.6935975551605225,
        5.738868713378906
    ],
    "EVAL": 10.254117012023926
}