{
    "PREP": 7.042071342468262,
    "EPOCHS": [
        5.7257397174835205,
        4.801227569580078,
        4.645843267440796,
        4.713037490844727,
        4.825558662414551
    ],
    "EVAL": 8.650744676589966
}