{
    "PREP": 7.050912618637085,
    "EPOCHS": [
        6.435109615325928,
        5.4627532958984375,
        5.516592979431152,
        5.495099782943726,
        5.498126029968262
    ],
    "EVAL": 11.20111083984375
}