{
    "PREP": 6.959274053573608,
    "EPOCHS": [
        6.881927013397217,
        5.860413551330566,
        5.840575933456421,
        5.839205741882324,
        5.860722064971924
    ],
    "EVAL": 9.597801208496094
}