{
    "PREP": 7.136896133422852,
    "EPOCHS": [
        8.437086582183838,
        7.3333587646484375,
        7.338903427124023,
        7.272693634033203,
        7.436600208282471
    ],
    "EVAL": 4.322346210479736
}