{
    "PREP": 7.0604634284973145,
    "EPOCHS": [
        4.018917083740234,
        2.967831611633301,
        2.9112284183502197,
        2.9501025676727295,
        3.0228652954101562
    ],
    "EVAL": 3.7505531311035156
}