{
    "PREP": 7.006629467010498,
    "EPOCHS": [
        5.294201374053955,
        4.332502126693726,
        4.223465919494629,
        4.164879560470581,
        4.215440511703491
    ],
    "EVAL": 5.389038562774658
}