{
    "PREP": 6.9668896198272705,
    "EPOCHS": [
        5.497763395309448,
        4.460508346557617,
        4.508289575576782,
        4.467480897903442,
        4.503159761428833
    ],
    "EVAL": 8.389774084091187
}