{
    "PREP": 7.1401708126068115,
    "EPOCHS": [
        5.580857038497925,
        4.627098083496094,
        4.716111183166504,
        4.650605916976929,
        4.630170583724976
    ],
    "EVAL": 9.73917531967163
}