{
    "PREP": 39.272379875183105,
    "EPOCHS": [
        0.02057814598083496,
        0.017635107040405273,
        0.01966547966003418,
        0.06535458564758301,
        0.06596660614013672,
        0.07413625717163086,
        0.02426934242248535,
        0.06408953666687012,
        0.20137381553649902,
        0.10948634147644043,
        0.38716983795166016,
        0.07681155204772949,
        0.10837626457214355,
        0.015228509902954102,
        0.11170220375061035,
        0.0845937728881836,
        0.024529457092285156,
        0.06153392791748047,
        0.018723726272583008,
        0.06695222854614258,
        0.018764257431030273,
        0.025539398193359375,
        0.12452006340026855,
        0.027123689651489258,
        0.027713537216186523,
        0.02396106719970703,
        0.019104719161987305,
        0.02623724937438965,
        0.022366762161254883,
        0.02584981918334961,
        0.11972999572753906,
        0.03122425079345703,
        0.023759841918945312,
        0.1421208381652832,
        0.028941869735717773,
        0.029023170471191406,
        0.12417030334472656,
        0.02140498161315918,
        0.020685672760009766,
        0.20217394828796387,
        0.0202786922454834,
        0.0674581527709961,
        0.01689934730529785,
        0.11023879051208496,
        0.020438194274902344,
        0.03215146064758301,
        0.03239917755126953,
        0.020322084426879883,
        0.024629592895507812,
        0.0806264877319336,
        0.10450530052185059,
        0.032541513442993164,
        0.29952383041381836,
        0.03319740295410156,
        0.021608591079711914,
        0.3338737487792969,
        0.06728458404541016,
        0.46843457221984863,
        0.037290334701538086,
        0.03050684928894043,
        0.020513057708740234,
        0.06145596504211426,
        0.036853790283203125,
        0.02597212791442871,
        0.058791399002075195,
        0.014579534530639648,
        0.016823768615722656,
        0.03203225135803223,
        0.020808935165405273,
        0.0339818000793457,
        0.07293438911437988,
        0.0320742130279541,
        0.06617951393127441,
        0.028301477432250977,
        0.10444402694702148,
        0.015858173370361328,
        0.01592850685119629,
        0.025893449783325195,
        0.01916790008544922,
        0.18086886405944824,
        0.024497032165527344,
        0.1034688949584961,
        0.02260565757751465,
        0.10406494140625,
        0.015758037567138672,
        0.01880025863647461,
        0.12277960777282715,
        0.06063437461853027,
        0.014898061752319336,
        0.06149888038635254,
        0.02758646011352539,
        0.026566028594970703,
        0.1082148551940918,
        0.16898870468139648,
        0.2009871006011963,
        0.06410837173461914,
        0.06571245193481445,
        0.017293453216552734,
        0.11375856399536133,
        0.017596006393432617
    ],
    "EVAL": 6.988932847976685
}