{
    "PREP": 7.035524845123291,
    "EPOCHS": [
        4.360369682312012,
        3.412252426147461,
        3.438042163848877,
        3.4245846271514893,
        3.37343430519104
    ],
    "EVAL": 5.817170143127441
}