{
    "PREP": 7.196817398071289,
    "EPOCHS": [
        5.211643218994141,
        4.213749170303345,
        4.201953649520874,
        4.184643268585205,
        4.181607723236084
    ],
    "EVAL": 7.12887978553772
}