{
    "PREP": 7.08351731300354,
    "EPOCHS": [
        5.663826942443848,
        4.543091535568237,
        4.584821462631226,
        4.614234924316406,
        4.590857982635498
    ],
    "EVAL": 6.924083232879639
}