{
    "PREP": 7.117446660995483,
    "EPOCHS": [
        4.052348613739014,
        2.9968385696411133,
        3.0018954277038574,
        3.01605224609375,
        3.0306739807128906
    ],
    "EVAL": 6.4698615074157715
}