{
    "PREP": 7.071130752563477,
    "EPOCHS": [
        3.871715545654297,
        2.8184943199157715,
        2.810987949371338,
        2.8301429748535156,
        2.8127477169036865
    ],
    "EVAL": 4.03020977973938
}