{
    "PREP": 7.09041166305542,
    "EPOCHS": [
        8.101834058761597,
        7.125659227371216,
        7.073164463043213,
        7.118940591812134,
        7.066314220428467
    ],
    "EVAL": 13.49704647064209
}