{
    "PREP": 7.049535036087036,
    "EPOCHS": [
        3.1262078285217285,
        2.199131488800049,
        2.1979684829711914,
        2.125587224960327,
        2.2005741596221924
    ],
    "EVAL": 3.9967050552368164
}