{
    "PREP": 7.079610586166382,
    "EPOCHS": [
        6.847295522689819,
        5.81930136680603,
        5.805512189865112,
        5.808025121688843,
        5.806041955947876
    ],
    "EVAL": 9.50605034828186
}