{
    "PREP": 7.101233243942261,
    "EPOCHS": [
        6.825781583786011,
        5.650221109390259,
        5.6649017333984375,
        5.686183929443359,
        5.662780284881592
    ],
    "EVAL": 8.17284870147705
}