{
    "PREP": 7.058168411254883,
    "EPOCHS": [
        7.9582200050354,
        6.857933521270752,
        6.864382743835449,
        6.861895322799683,
        6.874807119369507
    ],
    "EVAL": 7.223383903503418
}