{
    "PREP": 7.002237558364868,
    "EPOCHS": [
        8.475392818450928,
        7.564316749572754,
        7.592400789260864,
        7.560757875442505,
        7.598477125167847
    ],
    "EVAL": 10.369720697402954
}