{
    "PREP": 7.013422012329102,
    "EPOCHS": [
        3.606126546859741,
        2.587658643722534,
        2.57027268409729,
        2.6171889305114746,
        2.607128858566284
    ],
    "EVAL": 4.77935791015625
}