{
    "PREP": 6.977184534072876,
    "EPOCHS": [
        7.48643946647644,
        6.359896421432495,
        6.4641337394714355,
        6.301239967346191,
        6.376195669174194
    ],
    "EVAL": 11.348145723342896
}