{
    "PREP": 7.021795988082886,
    "EPOCHS": [
        10.842148542404175,
        9.603003025054932,
        9.634500980377197,
        9.596566915512085,
        9.58577036857605
    ],
    "EVAL": 10.952243089675903
}