{
    "PREP": 7.1403584480285645,
    "EPOCHS": [
        7.2576563358306885,
        6.20482325553894,
        6.112577676773071,
        6.1187663078308105,
        6.073283672332764
    ],
    "EVAL": 8.45628046989441
}