{
    "PREP": 7.038666248321533,
    "EPOCHS": [
        3.8097095489501953,
        2.826740026473999,
        2.7585551738739014,
        2.7808480262756348,
        2.7182095050811768
    ],
    "EVAL": 3.902940511703491
}