{
    "PREP": 7.0901548862457275,
    "EPOCHS": [
        3.9919464588165283,
        3.057711124420166,
        3.032153606414795,
        3.008169174194336,
        2.995469093322754
    ],
    "EVAL": 5.565975189208984
}