{
    "PREP": 7.0886430740356445,
    "EPOCHS": [
        4.5728535652160645,
        3.553673505783081,
        3.5546491146087646,
        3.580281972885132,
        3.493293285369873
    ],
    "EVAL": 6.278808832168579
}