{
    "PREP": 6.97059440612793,
    "EPOCHS": [
        4.47902774810791,
        3.5759708881378174,
        3.51916766166687,
        3.5047552585601807,
        3.4670522212982178
    ],
    "EVAL": 5.511532545089722
}